student_id,name
111111,test
297629,test2
338848,
634731,
253285,
267496,
665804,
861579,
785899,
288219,
575418,
970601,
462815,
440727,
669123,
333898,
223935,
925417,
645400,
694667,
188973,
745297,
697254,
590358,
134691,
774987,
913643,
833809,
884218,
521725,
429795,
457867,
207453,
835373,
122906,
949103,
555127,
323265,
369902,
104103,
790787,
440129,
117787,
719108,
539005,
364971,
801770,
577789,
711706,
271274,
465633,
645440,
246902,
205549,
940334,
522045,
946399,
913029,
542161,
559912,
309990,
127594,
662143,
890009,
508274,
612156,
552956,
124366,
513310,
820608,
868101,
746588,
248036,
272723,
152864,
268245,
891219,
877419,
424550,
584809,
429084,
426089,
571010,
517696,
509499,
624587,
392278,
150522,
873689,
330745,
987499,
723340,
593786,
619229,
483780,
335376,
481063,
437285,
249225,
187020,
williamsa36,williamsa36
szczepaniakj,szczepaniakj
impersonate.student,impersonate.student
stewarta6,stewarta6
singhv,singhv
sartiaht,sartiaht
qesjab,qesjab
pomac,pomac
paillantn,paillantn
nmejes,nmejes
nguyend62,nguyend62
lozanoe1,lozanoe1
liquorim,liquorim
kotelyakv,kotelyakv
khans13,khans13
halkob,halkob
gundalj,gundalj
folajimiy,folajimiy
filsd,filsd
fangj1,fangj1
duffauts1,duffauts1
douglassk,douglassk
demorcym1,demorcym1
curtissj,curtissj
crisafid1,crisafid1
corradoa1,corradoa1
charlesa1,charlesa1
cartert2,cartert2
burnhamh,burnhamh
bowlerf,bowlerf
borokhovd,borokhovd
boatengs1,boatengs1
bishopo,bishopo
birchd,birchd
belayf,belayf
alexisj1,alexisj1
adeno,adeno
folajimiy,folajimiy
wuj12,wuj12
